identificatie,EnergyEST
"0153100000267845",277.764
"0153100000216308",230.848
"0153100000244124",238.554
"0153100000226792",228.401
"0153100000254657",228.856
"0153100000209060",44.447
"0153100000233667",230.401
"0153100000230033",179.167
"0153100000219685",113.813
"0153100000241533",164.686
"0153100000229505",231.362
"0153100000209349",53.809
"0153100000222171",62.759
"0153100000266913",106.518
"0153100000223578",153.801
"0153100000215426",105.711
"0153100000227899",31.130
"0153100000269815",193.423
"0153100000265037",34.097
"0153100000272710",242.248
"0153100000266010",234.419
"0153100000275749",34.991
"0153100000276442",40.564
"0153100000283062",207.755
"0153100000290104",241.371
"0153100000290432",228.017
"0153100000293304",36.928
"0153100000293475",224.250
"0153100000503170",117.487
"0153100000202605",149.769
"0153100000213485",146.239
"0153100000203159",138.741
"0153100000237026",141.101
"0153100000232421",159.164
"0153100000236988",364.752
"0153100000207403",168.256
"0153100000211811",367.685
"0153100000272656",221.778
"0153100000279773",131.643
"0153100000235691",153.884
"0153100000274918",113.996
"0153100000203366",141.958
"0153100000212890",37.777
"0153100000234958",35.386
"0153100000234777",43.944
"0153100000284872",29.624
"0153100000242455",2380.672
"0153100000259559",459.912
"0153100000222395",435.089
"0153100000263745",448.768
"0153100000271362",226.981
"0153100000207894",183.974
"0153100000215830",148.633
"0153100000230702",162.043
"0153100000233595",142.663
"0153100000233020",145.041
"0153100000218167",157.546
"0153100000276401",138.351
"0153100000257502",151.524
"0153100000204768",135.140
"0153100000213484",135.633
"0153100000204351",150.703
"0153100000257475",114.679
"0153100000265063",115.702
"0153100000268021",113.201
"0153100000229400",242.925
"0153100000237056",244.554
"0153100000289127",239.332
"0153100000224530",26.083
"0153100000232106",33.324
"0153100000242246",26.337
"0153100000233458",30.705
"0153100000237045",101.487
"0153100000230297",35.954
"0153100000242356",446.460
"0153100000243142",1107.528
"0153100000231271",6244.205
"0153100000236709",250.483
"0153100000246605",3861.840
"0153100000227015",114.742
"0153100000220684",86.357
"0153100000208972",21.155
"0153100000225886",98.564
"0153100000231896",64.633
"0153100000214101",32.454
"0153100000214739",26.259
"0153100000228171",60.443
"0153100000215159",67.575
"0153100000248092",120.823
"0153100000246738",29.617
"0153100000241051",76.450
"0153100000251599",156.554
"0153100000250201",250.678
"0153100000243404",114.424
"0153100000247466",42.531
"0153100000254808",247.192
"0153100000255816",173.873
"0153100000248019",109.783
"0153100000259064",30.069
"0153100000262757",109.506
"0153100000269105",249.640
"0153100000264872",53.694
"0153100000265853",7226.163
"0153100000273679",111.332
"0153100000271312",127.823
"0153100000275748",35.572
"0153100000277466",421.015
"0153100000277745",249.761
"0153100000276386",417.227
"0153100000281772",11632.860
"0153100000282686",138.592
"0153100000281415",37.860
"0153100000287126",442.743
"0153100000286715",2232.000
"0153100000285321",106.091
"0153100000277739",226.310
"0153100000279038",219.941
"0153100000272801",292.225
"0153100000283286",256.484
"0153100000256199",249.602
"0153100000241500",259.062
"0153100000277492",233.863
"0153100000257792",239.065
"0153100000207537",252.251
"0153100000233554",221.497
"0153100000206253",277.641
"0153100000220907",199.450
"0153100000213894",209.600
"0153100000232180",260.270
"0153100000209785",268.213
"0153100000229459",28.395
"0153100000227496",40.336
"0153100000289385",263.804
"0153100000293489",255.328
"0153100000503169",93.187
"0153100000511663",38.142
"0153100000230467",423.311
"0153100000236683",424.083
"0153100000217450",437.611
"0153100000232566",491.848
"0153100000233186",20.746
"0153100000247644",449.058
"0153100000233457",47.998
"0153100000210779",22.821
"0153100000242162",36.831
"0153100000224066",117.844
"0153100000207037",17.620
"0153100000234774",116.019
"0153100000213152",23.598
"0153100000234735",111.568
"0153100000217372",34.291
"0153100000231061",119.285
"0153100000234238",137.515
"0153100000234846",379.264
"0153100000239591",168.101
"0153100000231015",139.322
"0153100000244301",3915.909
"0153100000248155",106.961
"0153100000251100",136.371
"0153100000246330",34.057
"0153100000245574",134.020
"0153100000251917",32.081
"0153100000256188",168.244
"0153100000257334",205.726
"0153100000222379",56.858
"0153100000219113",113.503
"0153100000219743",150.138
"0153100000205417",56.014
"0153100000208291",50.538
"0153100000208290",45.911
"0153100000234139",152.418
"0153100000221308",46.573
"0153100000248731",48.691
"0153100000257660",46.556
"0153100000243046",163.942
"0153100000237191",118.831
"0153100000257455",46.316
"0153100000217825",459.532
"0153100000256797",49.982
"0153100000210210",110.593
"0153100000243755",109.183
"0153100000251637",408.202
"0153100000215385",118.109
"0153100000251549",114.501
"0153100000259754",410.060
"0153100000260538",57.032
"0153100000265797",404.277
"0153100000266578",104.134
"0153100000269897",72.787
"0153100000270218",51.818
"0153100000268905",114.306
"0153100000272707",109.935
"0153100000272270",47.675
"0153100000276118",151.716
"0153100000272351",104.397
"0153100000258855",36.540
"0153100000272422",114.043
"0153100000271437",465.162
"0153100000264402",156.743
"0153100000276731",45.842
"0153100000272971",402.508
"0153100000257860",105.880
"0153100000216781",98.316
"0153100000222872",40.270
"0153100000229253",41.547
"0153100000231931",33.848
"0153100000278699",52.979
"0153100000264581",47.079
"0153100000277924",50.524
"0153100000286634",110.124
"0153100000282951",130.882
"0153100000276539",34.505
"0153100000252154",425.362
"0153100000229103",176.551
"0153100000244943",32.818
"0153100000223607",196.463
"0153100000266856",28.166
"0153100000241133",420.354
"0153100000235245",65.144
"0153100000223584",122.295
"0153100000267784",299.778
"0153100000230989",151.286
"0153100000226065",123.808
"0153100000217373",62.250
"0153100000252489",63.549
"0153100000204118",104.734
"0153100000220779",448.327
"0153100000207144",110.413
"0153100000224587",31.603
"0153100000239754",29.988
"0153100000204259",429.399
"0153100000257598",438.974
"0153100000254086",445.926
"0153100000204222",447.814
"0153100000203422",449.224
"0153100000213516",106.292
"0153100000269848",110.091
"0153100000275644",58.957
"0153100000271851",455.397
"0153100000275709",40.063
"0153100000277313",110.851
"0153100000280113",49.598
"0153100000280178",26.251
"0153100000277550",432.941
"0153100000282654",114.646
"0153100000277847",106.704
"0153100000281417",30.153
"0153100000282824",431.780
"0153100000283034",113.469
"0153100000291595",51.976
"0153100000288028",159.819
"0153100000503171",26.148
"0153100000503176",27.978
"0153100000503177",28.711
"0153100000497197",14.751
"0153100000509154",38.340
"0153100000211299",285.631
"0153100000265094",13.529
"0153100000259223",38.693
"0153100000265139",34.597
"0153100000216317",257.774
"0153100000290129",202.818
"0153100000283543",206.012
"0153100000283585",206.725
"0153100000206412",209.870
"0153100000272334",207.011
"0153100000276663",18.141
"0153100000211298",261.559
"0153100000206242",204.201
"0153100000252994",237.722
"0153100000276662",19.299
"0153100000209779",260.766
"0153100000251068",204.071
"0153100000282397",20.750
"0153100000247373",18.083
"0153100000285801",211.603
"0153100000266011",220.537
"0153100000249885",214.237
"0153100000232278",212.612
"0153100000232513",239.106
"0153100000230055",235.417
"0153100000247244",232.970
"0153100000259232",213.136
"0153100000217203",243.917
"0153100000261376",266.919
"0153100000275971",231.782
"0153100000229401",250.444
"0153100000216320",239.466
"0153100000285089",241.031
"0153100000260624",172.026
"0153100000232725",247.449
"0153100000293602",22.264
"0153100000292688",258.695
"0153100000508266",76.611
"0153100000509158",16.990
"0153100000212776",34.550
"0153100000257591",27.596
"0153100000238158",135.107
"0153100000275549",35.786
"0153100000285610",23.150
"0153100000243932",133.677
"0153100000207135",123.212
"0153100000244398",29.621
"0153100000214625",117.594
"0153100000234325",118.083
"0153100000253029",221.858
"0153100000276755",32.844
"0153100000234551",119.503
"0153100000217435",33.516
"0153100000228209",114.173
"0153100000215285",156.348
"0153100000285609",26.427
"0153100000281243",33.966
"0153100000259363",115.839
"0153100000232527",22.644
"0153100000213483",202.637
"0153100000273771",18.910
"0153100000226822",121.095
"0153100000276577",26.899
"0153100000256882",92.941
"0153100000266790",696.237
"0153100000281227",343.091
"0153100000281864",314.990
"0153100000201891",293.560
"0153100000201955",228.623
"0153100000236039",372.613
"0153100000250437",37.816
"0153100000236529",221.118
"0153100000221336",45.490
"0153100000220373",179.327
"0153100000253127",42.637
"0153100000213396",42.783
"0153100000266356",42.998
"0153100000245449",48.281
"0153100000205385",43.644
"0153100000278603",32.400
"0153100000274637",261.885
"0153100000263672",43.188
"0153100000263869",36.450
"0153100000269519",43.131
"0153100000256775",33.714
"0153100000206966",36.992
"0153100000261802",46.698
"0153100000254828",35.430
"0153100000209432",41.024
"0153100000252964",31.737
"0153100000235070",20.160
"0153100000217126",57.104
"0153100000213390",32.505
"0153100000289582",142.920
"0153100000283733",455.726
"0153100000267821",466.734
"0153100000262332",409.906
"0153100000277442",426.584
"0153100000290192",244.114
"0153100000259010",190.582
"0153100000273877",169.198
"0153100000263249",159.696
"0153100000248299",158.980
"0153100000227698",128.760
"0153100000244687",177.797
"0153100000245794",144.764
"0153100000289095",127.332
"0153100000287937",130.126
"0153100000261442",102.225
"0153100000224203",50.713
"0153100000205414",58.623
"0153100000264776",45.645
"0153100000229414",35.153
"0153100000228638",34.359
"0153100000277997",39.838
"0153100000262542",41.464
"0153100000212886",40.414
"0153100000289826",44.011
"0153100000249742",22.154
"0153100000293757",25.011
"0153100000239526",18.619
"0153100000255077",28.686
"0153100000503184",43.393
"0153100000217762",3713.261
"0153100000204003",475.878
"0153100000207787",138.261
"0153100000214100",46.657
"0153100000218629",32.851
"0153100000204013",109.608
"0153100000206778",125.593
"0153100000219201",116.896
"0153100000209215",101.050
"0153100000208306",80.622
"0153100000207038",23.388
"0153100000218480",2610.949
"0153100000218989",104.999
"0153100000219999",167.691
"0153100000222870",24.439
"0153100000221572",108.502
"0153100000230675",410.788
"0153100000253882",393.476
"0153100000281193",69.887
"0153100000287232",52.807
"0153100000287823",22.953
"0153100000238431",115.442
"0153100000237460",110.516
"0153100000217125",47.230
"0153100000244109",118.682
"0153100000239478",51.019
"0153100000217911",120.342
"0153100000255885",355.153
"0153100000237124",133.628
"0153100000239061",108.916
"0153100000208545",19.358
"0153100000235369",130.152
"0153100000201892",120.339
"0153100000261350",113.743
"0153100000219408",246.137
"0153100000216074",26.486
"0153100000265731",221.581
"0153100000245383",20.746
"0153100000271212",197.471
"0153100000271751",194.034
"0153100000267457",26.318
"0153100000274353",22.738
"0153100000274547",109.863
"0153100000213150",24.690
"0153100000275022",100.405
"0153100000280359",217.556
"0153100000503163",35.800
"0153100000247143",111.902
"0153100000252922",31.039
"0153100000203474",204.840
"0153100000249837",98.465
"0153100000248066",126.162
"0153100000264711",28.840
"0153100000253660",43.279
"0153100000239682",92.248
"0153100000271591",183.788
"0153100000230605",95.659
"0153100000217888",101.640
"0153100000206448",122.746
"0153100000216856",193.726
"0153100000227202",22.142
"0153100000261686",39.206
"0153100000269211",127.358
"0153100000263895",138.276
"0153100000224008",27.594
"0153100000239239",2740.561
"0153100000208880",179.761
"0153100000218234",44.915
"0153100000208876",139.067
"0153100000206558",192.780
"0153100000208480",93.276
"0153100000217019",3274.726
"0153100000268389",84.768
"0153100000268380",205.071
"0153100000269141",202.919
"0153100000203391",229.078
"0153100000222137",1326.095
"0153100000211797",132.407
"0153100000213063",120.209
"0153100000247087",55.507
"0153100000244947",199.295
"0153100000266106",123.016
"0153100000271134",64.718
"0153100000249313",16.483
"0153100000274084",222.045
"0153100000272518",299.116
"0153100000278207",25.617
"0153100000275541",32.624
"0153100000284101",33.275
"0153100000285692",111.575
"0153100000293202",37.373
"0153100000475002",41.618
"0153100000475003",69.602
"0153100000232790",245.137
"0153100000222224",120.371
"0153100000201860",383.964
"0153100000276873",355.402
"0153100000291230",128.135
"0153100000506951",37.323
"0153100000203847",110.270
"0153100000218668",105.171
"0153100000229636",233.664
"0153100000215737",192.273
"0153100000290382",203.549
"0153100000503162",33.774
"0153100000259993",223.104
"0153100000232222",179.856
"0153100000237040",202.445
"0153100000293859",193.885
"0153100000218874",197.984
"0153100000289920",171.992
"0153100000230980",174.669
"0153100000227399",183.583
"0153100000251365",165.878
"0153100000238925",175.752
"0153100000228988",187.923
"0153100000271271",207.264
"0153100000204279",171.848
"0153100000266348",164.564
"0153100000503161",61.219
"0153100000241534",190.936
"0153100000210575",178.138
"0153100000286086",172.596
"0153100000217839",175.824
"0153100000279956",220.685
"0153100000247625",204.986
"0153100000280462",206.074
"0153100000235632",185.927
"0153100000506952",34.613
"0153100000506953",24.020
"0153100000506954",43.111
"0153100000506955",19.958
"0153100000506956",21.389
"0153100000506957",20.985
"0153100000249741",492.191
"0153100000236845",612.400
"0153100000216327",390.623
"0153100000289180",193.767
"0153100000241940",244.151
"0153100000277802",214.195
"0153100000254418",142.769
"0153100000283574",117.683
"0153100000260608",101.716
"0153100000268158",103.896
"0153100000506624",103.183
"0153100000509499",716.844
"0153100000509486",111.121
"0153100000509483",717.261
"0153100000509482",106.255
"0153100000509479",698.549
"0153100000509478",114.109
"0153100000509475",699.411
"0153100000509474",110.483
"0153100000509471",702.227
"0153100000509470",117.263
"0153100000509467",689.145
"0153100000509466",108.867
"0153100000509463",694.164
"0153100000509462",112.632
"0153100000509459",691.804
"0153100000509458",121.178
"0153100000509442",106.623
"0153100000509455",717.929
"0153100000509446",122.141
"0153100000202602",228.071
"0153100000509450",116.864
"0153100000509454",111.492
"0153100000509443",663.193
"0153100000263091",197.453
"0153100000509447",695.132
"0153100000509451",717.330
"0153100000277099",231.951
"0153100000204920",218.558
"0153100000229979",66.977
"0153100000509293",673.671
"0153100000509296",90.725
"0153100000509285",645.911
"0153100000509292",81.138
"0153100000509281",657.688
"0153100000509288",72.650
"0153100000509277",649.277
"0153100000509284",77.795
"0153100000509273",648.964
"0153100000509280",80.175
"0153100000509300",111.425
"0153100000509269",635.969
"0153100000509304",125.057
"0153100000509276",91.803
"0153100000509308",110.857
"0153100000509487",703.451
"0153100000509490",118.274
"0153100000509491",575.562
"0153100000509494",102.927
"0153100000509495",631.692
"0153100000509498",109.434
"0153100000509502",110.075
"0153100000509289",648.226
"0153100000282739",127.867
"0153100000267886",16.483
"0153100000202946",165.243
"0153100000278780",99.712
"0153100000208706",122.572
"0153100000275436",118.359
"0153100000202747",113.851
"0153100000220771",110.274
"0153100000281291",117.200
"0153100000203536",130.863
"0153100000278368",113.503
"0153100000253167",35.331
"0153100000251004",130.733
"0153100000273875",118.493
"0153100000271118",117.633
"0153100000220850",173.327
"0153100000260487",24.011
"0153100000231231",140.094
"0153100000251792",81.348
"0153100000234969",266.063
"0153100000277129",170.646
"0153100000264413",55.555
"0153100000248242",112.817
"0153100000224508",37.279
"0153100000228984",104.094
"0153100000272590",113.063
"0153100000202170",138.475
"0153100000266435",20.902
"0153100000238731",27.663
"0153100000286297",142.619
"0153100000282053",49.457
"0153100000283547",98.027
"0153100000247987",125.421
"0153100000248300",215.110
"0153100000248555",104.894
"0153100000221358",226.550
"0153100000251972",107.506
"0153100000236418",62.930
"0153100000261269",38.057
"0153100000266237",233.507
"0153100000227162",371.409
"0153100000215069",22.329
"0153100000211358",110.600
"0153100000225517",64.045
"0153100000208263",334.019
"0153100000261976",240.582
"0153100000208431",60.789
"0153100000243217",629.685
"0153100000231026",242.531
"0153100000258441",77.023
"0153100000272162",237.256
"0153100000267472",124.674
"0153100000267512",42.280
"0153100000277458",462.526
"0153100000277761",538.002
"0153100000277561",347.117
"0153100000285252",219.155
"0153100000291871",41.713
"0153100000290063",198.421
"0153100000507199",18.126
"0153100000515879",47.266
"0153100000275524",238.881
"0153100000265868",289.731
"0153100000271574",178.804
"0153100000259966",280.901
"0153100000227468",205.062
"0153100000205149",279.467
"0153100000269862",186.503
"0153100000252394",212.097
"0153100000204224",287.091
"0153100000248573",214.183
"0153100000266333",275.179
"0153100000229193",260.282
"0153100000204374",191.658
"0153100000246409",189.653
"0153100000248558",179.674
"0153100000286207",198.355
"0153100000203277",182.102
"0153100000231608",297.429
"0153100000202086",204.331
"0153100000265414",296.413
"0153100000242497",275.692
"0153100000283295",307.819
"0153100000267113",28.701
"0153100000202192",248.305
"0153100000277520",276.635
"0153100000287079",236.080
"0153100000283684",293.776
"0153100000277230",294.423
"0153100000285771",231.337
"0153100000286725",307.271
"0153100000273917",300.933
"0153100000249436",21.765
"0153100000242931",132.035
"0153100000234909",32.157
"0153100000254252",105.485
"0153100000272663",28.796
"0153100000224523",39.637
"0153100000260760",85.123
"0153100000253213",43.644
"0153100000207047",126.331
"0153100000209642",148.108
"0153100000249263",27.512
"0153100000207766",132.778
"0153100000217371",17.127
"0153100000227313",28.703
"0153100000229368",51.668
"0153100000225263",83.437
"0153100000217637",27.512
"0153100000269577",107.834
"0153100000276094",40.535
"0153100000290757",106.503
"0153100000506950",43.257
"0153100000506625",70.510
"0153100000209166",40.262
"0153100000239010",6042.344
"0153100000229885",233.043
"0153100000255206",79.648
"0153100000248503",482.794
"0153100000243968",190.609
"0153100000251519",29.967
"0153100000253285",57.960
"0153100000260281",495.717
"0153100000227520",130.459
"0153100000238491",27.106
"0153100000236915",212.524
"0153100000245259",250.154
"0153100000276864",109.996
"0153100000220414",214.873
"0153100000257227",101.655
"0153100000235081",45.091
"0153100000211136",24.187
"0153100000272220",35.089
"0153100000233791",240.427
"0153100000229755",149.540
"0153100000233052",55.004
"0153100000202981",166.672
"0153100000213151",19.119
"0153100000264477",240.875
"0153100000243658",41.803
"0153100000246573",26.885
"0153100000236961",170.319
"0153100000209348",16.514
"0153100000266381",250.060
"0153100000254720",177.851
"0153100000231316",230.104
"0153100000277302",382.218
"0153100000275836",171.867
"0153100000254361",224.213
"0153100000259533",192.684
"0153100000281895",111.420
"0153100000274193",39.666
"0153100000276332",76.190
"0153100000230404",53.142
"0153100000223112",32.223
"0153100000258871",32.585
"0153100000266521",657.121
"0153100000284879",257.460
"0153100000241606",33.731
"0153100000267686",219.492
"0153100000245314",159.914
"0153100000255305",34.631
"0153100000256761",299.434
"0153100000219882",189.329
"0153100000256243",323.734
"0153100000268538",83.589
"0153100000282921",243.300
"0153100000223590",204.072
"0153100000277409",220.746
"0153100000255488",241.313
"0153100000229211",225.965
"0153100000274453",245.002
"0153100000285177",233.899
"0153100000258518",240.236
"0153100000509802",845.422
"0153100000509798",985.478
"0153100000509867",781.408
"0153100000509822",747.285
"0153100000509826",833.384
"0153100000509830",929.256
"0153100000509845",123.662
"0153100000509834",732.468
"0153100000509838",865.604
"0153100000509855",773.636
"0153100000509842",974.023
"0153100000509852",776.816
"0153100000509849",755.916
"0153100000509846",837.722
"0153100000509861",781.438
"0153100000509858",778.927
"0153100000509864",764.767
"0153100000509870",849.062
"0153100000509272",87.261
"0153100000509297",637.131
"0153100000509301",630.169
"0153100000509305",640.507
"0153100000509309",645.473
"0153100000509313",645.725
"0153100000509312",114.632
"0153100000509317",638.281
"0153100000509321",628.143
"0153100000509320",108.141
"0153100000509325",674.374
"0153100000509324",113.242
"0153100000509316",110.963
"0153100000215428",208.269
"0153100000277664",206.635
"0153100000235464",202.754
"0153100000247703",230.903
"0153100000244936",201.080
"0153100000243494",207.839
"0153100000206382",191.844
"0153100000231824",193.290
"0153100000280450",185.688
"0153100000219630",231.808
"0153100000208919",306.369
"0153100000277429",240.674
"0153100000277486",246.131
"0153100000259722",249.809
"0153100000265994",225.822
"0153100000273807",396.743
"0153100000470622",66.537
"0153100000506961",27.415
"0153100000506962",29.683
"0153100000506963",31.335
"0153100000509329",645.591
"0153100000509328",105.814
"0153100000509333",635.188
"0153100000509332",111.587
"0153100000509337",637.962
"0153100000509336",112.860
"0153100000509341",620.646
"0153100000509340",120.490
"0153100000509345",631.102
"0153100000509344",100.281
"0153100000509430",117.672
"0153100000509349",635.131
"0153100000509434",126.793
"0153100000509438",110.304
"0153100000509348",114.301
"0153100000509427",696.754
"0153100000509352",105.558
"0153100000509431",682.074
"0153100000509435",690.314
"0153100000509439",669.372
"0153100000509806",722.579
"0153100000509810",927.989
"0153100000509814",819.838
"0153100000509801",105.608
"0153100000509805",117.310
"0153100000509818",864.034
"0153100000509809",111.410
"0153100000509813",123.906
"0153100000509817",118.293
"0153100000509873",828.974
"0153100000509876",117.614
"0153100000509884",117.373
"0153100000509888",117.462
"0153100000509877",858.638
"0153100000509880",118.333
"0153100000509881",848.180
"0153100000509885",863.909
"0153100000509889",1161.832
"0153100000509893",926.091
"0153100000509892",118.774
"0153100000509896",116.871
"0153100000509897",1050.843
"0153100000509900",111.769
"0153100000509901",948.979
"0153100000509904",121.972
"0153100000509833",103.485
"0153100000509841",115.878
"0153100000509829",115.235
"0153100000509837",116.577
"0153100000509825",115.711
"0153100000509821",108.187
"0153100000274682",592.082
"0153100000258369",49.547
"0153100000233949",108.097
"0153100000203833",128.415
"0153100000225226",40.007
"0153100000238944",574.955
"0153100000281422",22.873
"0153100000259934",126.456
"0153100000281122",113.823
"0153100000271050",26.753
"0153100000235447",537.327
"0153100000277496",141.286
"0153100000233946",41.701
"0153100000237681",586.663
"0153100000513715",729.707
"0153100000513718",740.177
"0153100000513721",762.014
"0153100000513708",789.325
"0153100000513727",118.414
"0153100000513705",763.510
"0153100000513728",111.171
"0153100000513724",786.265
"0153100000513702",778.514
"0153100000513699",785.348
"0153100000513731",828.018
"0153100000513729",106.882
"0153100000513730",118.074
"0153100000513734",774.060
"0153100000513746",121.702
"0153100000513714",113.663
"0153100000513713",114.065
"0153100000513737",765.870
"0153100000513672",717.573
"0153100000513712",121.366
"0153100000513740",757.823
"0153100000513711",117.230
"0153100000513747",109.879
"0153100000513675",424.345
"0153100000513748",125.829
"0153100000513743",832.627
"0153100000513678",667.855
"0153100000513760",125.885
"0153100000513749",121.515
"0153100000513681",694.803
"0153100000513750",109.391
"0153100000513751",947.007
"0153100000513684",736.262
"0153100000513754",929.908
"0153100000513687",754.845
"0153100000513690",627.088
"0153100000513693",608.657
"0153100000513696",553.458
"0153100000513762",116.816
"0153100000513757",950.102
"0153100000513761",114.208
"0153100000262599",166.101
"0153100000272263",156.478
"0153100000256930",110.095
"0153100000278062",144.892
"0153100000278958",32.189
"0153100000270628",113.970
"0153100000270653",121.231
"0153100000280653",142.186
"0153100000279810",141.343
"0153100000264687",34.650
"0153100000270357",31.841
"0153100000285822",105.293
"0153100000282316",35.221
"0153100000266100",55.111
"0153100000247300",138.864
"0153100000227923",25.718
"0153100000241585",22.343
"0153100000243461",125.895
"0153100000232366",31.289
"0153100000275879",46.075
"0153100000269866",129.894
"0153100000229974",33.526
"0153100000223984",134.504
"0153100000255515",24.664
"0153100000249774",194.870
"0153100000235975",125.436
"0153100000210898",34.899
"0153100000257683",131.243
"0153100000240412",108.466
"0153100000234069",188.646
"0153100000236970",125.073
"0153100000203818",123.886
"0153100000261267",36.628
"0153100000253337",100.623
"0153100000285299",29.788
"0153100000290082",34.387
"0153100000290590",28.924
"0153100000290270",35.552
"0153100000289987",40.160
"0153100000492959",16.961
"0153100000492960",23.553
"0153100000493339",32.438
"0153100000503190",29.029
"0153100000503191",37.385
"0153100000503192",15.500
"0153100000506937",27.880
"0153100000506938",68.513
"0153100000506939",23.381
"0153100000506940",26.454
"0153100000497377",30.440
"0153100000511567",103.965
"0153100000266542",154.596
"0153100000230040",132.909
"0153100000269197",26.139
"0153100000240142",112.905
"0153100000260756",40.505
"0153100000241701",176.644
"0153100000265258",25.773
"0153100000251539",121.386
"0153100000255826",22.311
"0153100000273127",141.171
"0153100000276746",25.886
"0153100000224088",26.296
"0153100000232798",23.855
"0153100000247874",69.221
"0153100000250436",34.647
"0153100000274027",229.655
"0153100000285502",29.349
"0153100000293561",119.834
"0153100000515880",177.871
"0153100000278689",158.013
"0153100000245951",490.929
"0153100000267458",34.809
"0153100000250587",33.570
"0153100000249762",22.248
"0153100000251799",114.201
"0153100000234286",404.795
"0153100000268609",112.022
"0153100000264398",30.268
"0153100000503193",20.455
"0153100000271176",101.112
"0153100000250080",30.020
"0153100000274128",134.370
"0153100000283490",31.508
"0153100000272075",114.721
"0153100000224002",29.012
"0153100000503194",36.197
"0153100000503195",30.630
"0153100000503196",36.584
"0153100000503197",22.319
"0153100000503198",27.652
"0153100000503200",20.716
"0153100000503201",21.239
"0153100000506629",37.749
"0153100000265809",581.331
"0153100000278058",617.763
"0153100000224061",632.340
"0153100000232403",556.228
"0153100000205033",637.989
"0153100000246661",611.338
"0153100000204731",637.792
"0153100000227845",605.057
"0153100000215384",720.363
"0153100000240433",594.808
"0153100000262294",568.497
"0153100000226934",572.197
"0153100000266825",684.212
"0153100000252794",140.161
"0153100000227043",139.528
"0153100000275975",155.737
"0153100000230200",65.187
"0153100000218147",20.290
"0153100000267871",592.356
"0153100000213245",269.283
"0153100000269603",140.978
"0153100000202000",167.451
"0153100000267424",30.166
"0153100000216111",137.383
"0153100000227448",30.432
"0153100000206466",590.760
"0153100000252969",171.801
"0153100000273617",215.064
"0153100000229669",193.170
"0153100000237548",33.683
"0153100000263864",33.907
"0153100000280388",211.817
"0153100000285025",231.602
"0153100000291633",608.863
"0153100000290678",30.521
"0153100000292938",20.249
"0153100000206460",206.337
"0153100000267446",215.669
"0153100000246443",210.429
"0153100000210589",88.941
"0153100000203571",232.353
"0153100000275422",83.441
"0153100000229243",115.034
"0153100000266119",300.425
"0153100000224007",52.070
"0153100000277159",239.144
"0153100000233513",208.004
"0153100000247478",331.476
"0153100000212020",180.939
"0153100000278586",173.694
"0153100000208304",39.317
"0153100000227804",194.823
"0153100000229795",73.322
"0153100000262385",183.077
"0153100000273587",198.781
"0153100000269336",238.981
"0153100000215724",228.802
"0153100000233836",52.853
"0153100000247334",131.997
"0153100000478688",53.231
"0153100000478689",42.430
"0153100000503488",63.258
"0153100000229095",671.084
"0153100000225910",626.462
"0153100000256269",236.041
"0153100000212021",172.653
"0153100000223334",212.487
"0153100000223120",212.481
"0153100000230190",163.132
"0153100000203112",247.413
"0153100000233051",68.707
"0153100000244336",54.413
"0153100000247454",44.705
"0153100000247504",239.025
"0153100000242533",203.829
"0153100000260186",154.530
"0153100000269702",222.110
"0153100000269407",158.356
"0153100000282766",332.989
"0153100000288862",194.016
"0153100000288425",100.999
"0153100000293548",194.543
"0153100000497385",52.239
"0153100000231657",164.375
"0153100000258458",35.433
"0153100000241817",362.217
"0153100000247194",150.136
"0153100000284100",100.051
"0153100000287099",27.655
"0153100000201996",146.429
"0153100000280037",215.858
"0153100000246145",285.970
"0153100000230834",150.013
"0153100000248332",211.267
"0153100000248295",208.850
"0153100000219050",180.337
"0153100000242530",171.442
"0153100000262248",197.121
"0153100000210704",340.543
"0153100000235925",183.241
"0153100000281232",176.633
"0153100000264710",76.938
"0153100000282953",149.003
"0153100000216912",385.696
"0153100000273618",178.111
"0153100000215021",198.811
"0153100000215927",261.325
"0153100000221832",211.296
"0153100000223179",158.747
"0153100000277934",81.004
"0153100000286204",220.345
"0153100000223042",173.410
"0153100000281544",27.039
"0153100000288903",184.329
"0153100000290810",53.678
"0153100000291957",32.869
"0153100000292792",182.894
"0153100000288429",161.174
"0153100000292557",65.510
"0153100000468711",27.861
"0153100000478695",46.645
"0153100000503500",29.887
"0153100000503503",41.062
"0153100000511554",15.229
"0153100000511555",83.660
"0153100000511552",24.792
"0153100000510823",64.335
"0153100000510824",75.214
"0153100000506620",67.690
"0153100000203263",238.181
"0153100000264479",190.402
"0153100000517554",39.304
"0153100000517555",95.840
"0153100000216073",67.362
"0153100000254962",117.788
"0153100000259617",152.790
"0153100000222497",155.169
"0153100000289157",170.597
"0153100000256135",146.716
"0153100000277025",138.628
"0153100000233814",177.772
"0153100000256646",67.163
"0153100000214210",296.263
"0153100000217500",202.143
"0153100000242406",147.897
"0153100000246304",118.571
"0153100000223869",162.189
"0153100000290592",16.186
"0153100000247835",94.510
"0153100000271581",233.950
"0153100000215916",245.686
"0153100000208464",185.523
"0153100000286548",200.254
"0153100000484275",35.045
"0153100000506832",31.574
"0153100000503437",171.185
"0153100000503438",76.725
"0153100000497390",42.539
"0153100000497391",35.478
"0153100000497393",22.552
"0153100000507933",16.483
"0153100000508581",52.200
"0153100000516498",36.583
"0153100000516501",59.700
"0153100000516502",65.328
"0153100000517982",181.058
"0153100000287724",254.463
"0153100000219048",118.028
"0153100000292748",290.445
"0153100000243655",162.432
"0153100000291513",132.445
"0153100000212971",132.903
"0153100000277815",119.618
"0153100000263027",160.021
"0153100000216891",172.351
"0153100000278252",110.907
"0153100000250857",36.315
"0153100000278376",55.121
"0153100000212293",62.875
"0153100000242192",141.312
"0153100000201976",145.932
"0153100000218666",115.682
"0153100000261316",84.809
"0153100000208967",166.737
"0153100000224047",85.550
"0153100000279159",141.727
"0153100000216672",219.273
"0153100000257492",132.451
"0153100000484273",31.438
"0153100000484274",37.768
"0153100000506837",179.037
"0153100000497387",23.657
"0153100000508577",57.426
"0153100000516497",58.891
"0153100000516500",119.106
"0153100000282159",95.690
"0153100000214626",200.041
"0153100000219621",34.266
"0153100000255791",308.175
"0153100000229371",43.142
"0153100000241180",41.637
"0153100000227444",30.881
"0153100000210603",269.097
"0153100000209351",311.214
"0153100000256764",248.273
"0153100000241142",25.633
"0153100000253692",49.091
"0153100000244335",88.856
"0153100000232282",233.701
"0153100000210004",277.532
"0153100000253804",211.888
"0153100000229062",46.742
"0153100000214318",212.668
"0153100000260947",380.168
"0153100000272467",398.685
"0153100000276205",44.926
"0153100000271528",184.099
"0153100000279196",88.879
"0153100000284182",35.877
"0153100000283725",26.432
"0153100000287753",181.257
"0153100000291945",37.080
"0153100000292762",195.999
"0153100000282543",19.305
"0153100000478692",85.428
"0153100000478693",65.174
"0153100000503487",72.274
"0153100000507947",32.123
"0153100000506922",105.484
"0153100000506923",33.110
"0153100000508575",15.521
"0153100000508052",81.805
"0153100000516503",90.188
"0153100000235003",177.871
"0153100000239098",230.228
"0153100000255044",150.335
"0153100000277951",196.847
"0153100000257225",199.351
"0153100000256630",27.218
"0153100000207466",271.978
"0153100000503486",62.369
"0153100000241471",204.488
"0153100000239460",197.824
"0153100000274549",38.399
"0153100000271094",55.183
"0153100000271653",228.926
"0153100000276187",298.720
"0153100000484516",27.677
"0153100000259253",25.399
"0153100000264873",38.424
"0153100000241175",42.259
"0153100000211107",250.209
"0153100000271052",232.750
"0153100000293035",157.823
"0153100000221809",289.016
"0153100000221249",275.719
"0153100000511557",18.426
"0153100000471744",17.546
"0153100000219115",212.180
"0153100000253129",45.107
"0153100000263192",183.904
"0153100000484520",172.496
"0153100000242002",462.455
"0153100000258185",91.318
"0153100000232730",14.640
"0153100000255042",128.749
"0153100000258836",59.206
"0153100000239947",647.351
"0153100000222549",154.456
"0153100000270638",64.418
"0153100000253693",36.715
"0153100000229607",106.035
"0153100000272626",130.467
"0153100000251280",123.312
"0153100000229922",102.216
"0153100000209344",27.844
"0153100000249909",1209.112
"0153100000275102",125.473
"0153100000263110",159.855
"0153100000204954",23.383
"0153100000203377",260.488
"0153100000279532",67.135
"0153100000288779",142.188
"0153100000285505",126.010
"0153100000291831",125.380
"0153100000288331",91.953
"0153100000282520",111.466
"0153100000294177",152.420
"0153100000282544",93.329
"0153100000293253",150.621
"0153100000288432",24.901
"0153100000245586",159.865
"0153100000260406",114.510
"0153100000246031",122.279
"0153100000471748",121.482
"0153100000471749",64.242
"0153100000497386",33.690
"0153100000503441",41.590
"0153100000503442",15.206
"0153100000503443",50.498
"0153100000503444",54.769
"0153100000503445",17.712
"0153100000507206",24.657
"0153100000508576",88.864
"0153100000508584",63.489
"0153100000516494",51.807
"0153100000226650",191.801
"0153100000228159",184.536
"0153100000226610",190.894
"0153100000228121",171.176
"0153100000221329",340.950
"0153100000214311",225.341
"0153100000241540",110.699
"0153100000207608",58.519
"0153100000209636",35.738
"0153100000226629",44.219
"0153100000234756",408.795
"0153100000249265",44.470
"0153100000207035",83.669
"0153100000222052",49.570
"0153100000223105",43.978
"0153100000239522",47.719
"0153100000246153",46.204
"0153100000210194",48.845
"0153100000233641",42.480
"0153100000244991",144.248
"0153100000250822",232.727
"0153100000249506",104.433
"0153100000258858",50.598
"0153100000267805",214.568
"0153100000269313",52.009
"0153100000273593",275.332
"0153100000268891",95.241
"0153100000279878",263.995
"0153100000279935",1195.982
"0153100000277848",39.891
"0153100000283703",50.566
"0153100000286657",47.057
"0153100000280960",554.600
"0153100000291732",657.580
"0153100000290907",229.349
"0153100000290035",254.032
"0153100000503449",58.848
"0153100000503450",40.269
"0153100000508583",84.590
"0153100000516492",32.179
"0153100000516493",40.767
"0153100000223665",673.295
"0153100000205289",135.108
"0153100000203451",129.873
"0153100000226649",118.416
"0153100000270446",130.655
"0153100000293514",46.916
"0153100000291015",157.251
"0153100000263191",421.141
"0153100000289873",31.112
"0153100000273450",384.805
"0153100000263903",45.204
"0153100000278257",56.273
"0153100000204360",1783.878
"0153100000228337",381.240
"0153100000204018",382.554
"0153100000214668",446.996
"0153100000229369",34.117
"0153100000263383",433.103
"0153100000217784",117.017
"0153100000241326",130.649
"0153100000203402",116.349
"0153100000267729",131.060
"0153100000254400",130.628
"0153100000238231",36.750
"0153100000209350",59.212
"0153100000232797",87.324
"0153100000507204",26.862
"0153100000507205",16.564
"0153100000507207",29.193
"0153100000249079",157.621
"0153100000226680",13576.251
"0153100000230688",104.675
"0153100000204609",452.125
"0153100000213444",110.011
"0153100000201873",427.023
"0153100000215034",432.961
"0153100000217948",2085.068
"0153100000203287",108.932
"0153100000206490",103.083
"0153100000202634",2375.338
"0153100000214594",435.782
"0153100000203395",254.357
"0153100000202814",451.856
"0153100000227412",58.008
"0153100000214279",399.194
"0153100000214243",398.159
"0153100000218818",27.911
"0153100000289627",64.902
"0153100000287924",125.604
"0153100000292408",435.056
"0153100000290942",104.717
"0153100000247538",35.146
"0153100000264144",34.885
"0153100000269926",48.143
"0153100000247853",30.829
"0153100000241613",23.771
"0153100000293915",105.382
"0153100000294068",38.878
"0153100000503172",14.862
"0153100000503173",22.593
"0153100000503174",18.504
"0153100000503175",21.215
"0153100000503178",28.292
"0153100000503179",24.142
"0153100000503180",41.990
"0153100000503181",35.900
"0153100000503182",14.273
"0153100000503183",30.186
"0153100000202164",114.746
"0153100000246585",115.436
"0153100000259685",113.757
"0153100000506936",49.241
"0153100000497198",21.537
"0153100000497381",26.292
"0153100000497382",26.832
"0153100000497383",30.407
"0153100000497384",16.880
"0153100000509136",21.027
"0153100000206425",457.440
"0153100000240262",426.304
"0153100000204280",133.234
"0153100000212775",209.529
"0153100000211995",44.283
"0153100000225649",127.521
"0153100000209268",201.824
"0153100000208974",86.222
"0153100000223404",76.823
"0153100000222304",127.469
"0153100000218146",76.822
"0153100000229015",80.895
"0153100000223841",117.899
"0153100000232295",41.127
"0153100000213371",53.239
"0153100000216903",126.502
"0153100000230034",86.209
"0153100000246460",132.066
"0153100000259640",119.502
"0153100000255870",63.578
"0153100000258865",408.531
"0153100000253940",126.563
"0153100000231930",45.409
"0153100000255172",18.838
"0153100000243659",21.091
"0153100000218238",71.938
"0153100000268217",135.679
"0153100000265728",182.655
"0153100000267887",104.528
"0153100000278994",412.787
"0153100000284663",59.134
"0153100000280448",119.579
"0153100000282800",463.990
"0153100000287225",32.192
"0153100000279497",125.112
"0153100000293715",184.491
"0153100000210211",136.446
"0153100000231864",34.778
"0153100000237172",35.458
"0153100000205401",34.774
"0153100000229606",49.241
"0153100000210716",81.367
"0153100000218859",34.296
"0153100000235773",34.488
"0153100000212110",498.042
"0153100000207692",255.875
"0153100000202371",256.371
"0153100000226956",160.283
"0153100000229326",270.565
"0153100000203728",177.535
"0153100000207432",140.029
"0153100000215125",209.807
"0153100000208546",20.438
"0153100000241603",227.986
"0153100000236364",358.470
"0153100000246089",34.153
"0153100000245286",273.202
"0153100000251084",106.297
"0153100000262701",2447.005
"0153100000262561",35.948
"0153100000261429",2010.263
"0153100000272159",35.162
"0153100000274100",39.975
"0153100000273673",163.802
"0153100000270281",219.957
"0153100000273776",157.283
"0153100000275320",231.337
"0153100000273392",34.661
"0153100000281128",187.616
"0153100000279934",34.091
"0153100000279065",34.215
"0153100000284965",167.472
"0153100000287873",180.394
"0153100000287562",152.842
"0153100000468707",105.654
"0153100000468708",279.752
"0153100000506973",105.253
"0153100000506974",55.417
"0153100000251939",205.371
"0153100000261943",143.694
"0153100000248411",102.152
"0153100000219087",32.272
"0153100000217237",67.990
"0153100000247919",141.223
"0153100000251378",32.065
"0153100000223173",236.471
"0153100000203156",151.119
"0153100000207040",81.861
"0153100000202813",173.451
"0153100000235675",18.830
"0153100000234881",2408.190
"0153100000248203",150.414
"0153100000239523",70.215
"0153100000203155",194.864
"0153100000211994",18.842
"0153100000261971",240.668
"0153100000257368",24.227
"0153100000214945",178.548
"0153100000222973",104.919
"0153100000248212",109.988
"0153100000245110",214.022
"0153100000261964",136.873
"0153100000254589",42.531
"0153100000247473",29.983
"0153100000231666",38.031
"0153100000264818",24.184
"0153100000253573",154.364
"0153100000243278",30.563
"0153100000206709",194.011
"0153100000263308",181.616
"0153100000215555",25.193
"0153100000246009",405.761
"0153100000207730",390.128
"0153100000221335",30.126
"0153100000263506",176.558
"0153100000266436",38.893
"0153100000263576",156.352
"0153100000265412",115.836
"0153100000270827",108.076
"0153100000263075",115.377
"0153100000278721",151.623
"0153100000280524",152.985
"0153100000290096",151.657
"0153100000290811",26.520
"0153100000290870",189.208
"0153100000293522",36.381
"0153100000506969",34.118
"0153100000506979",73.672
"0153100000236827",124.374
"0153100000225802",149.391
"0153100000208308",32.340
"0153100000219592",184.733
"0153100000202556",196.186
"0153100000244458",20.024
"0153100000236839",158.149
"0153100000227825",34.147
"0153100000202271",166.977
"0153100000204237",196.415
"0153100000229941",27.000
"0153100000235382",151.424
"0153100000206783",166.507
"0153100000247455",35.588
"0153100000202979",166.056
"0153100000242093",160.235
"0153100000233838",155.261
"0153100000246188",159.003
"0153100000209167",102.524
"0153100000218013",36.893
"0153100000224223",23.246
"0153100000245488",55.640
"0153100000243476",106.823
"0153100000253286",26.512
"0153100000257695",65.153
"0153100000253751",155.934
"0153100000260652",392.514
"0153100000256385",57.169
"0153100000257047",114.956
"0153100000262454",76.454
"0153100000274656",159.151
"0153100000277448",158.854
"0153100000280202",31.876
"0153100000278419",15.409
"0153100000281343",16.158
"0153100000282765",392.489
"0153100000283503",27.036
"0153100000279557",105.687
"0153100000283977",24.009
"0153100000285983",14.690
"0153100000290273",181.351
"0153100000293521",85.866
"0153100000503158",30.623
"0153100000506970",21.259
"0153100000506971",117.658
"0153100000506972",17.183
"0153100000256077",169.821
"0153100000229923",101.969
"0153100000215124",201.368
"0153100000233463",103.145
"0153100000236671",110.200
"0153100000205844",303.335
"0153100000272107",189.471
"0153100000246426",210.678
"0153100000270851",221.523
"0153100000239247",277.375
"0153100000224006",73.775
"0153100000202972",142.927
"0153100000215284",191.829
"0153100000250057",138.630
"0153100000262781",13.648
"0153100000235890",227.314
"0153100000208307",19.667
"0153100000226281",189.571
"0153100000215872",493.535
"0153100000230488",234.806
"0153100000260721",77.291
"0153100000212542",205.356
"0153100000223518",317.280
"0153100000260047",262.428
"0153100000229940",34.132
"0153100000269895",34.044
"0153100000212518",58.328
"0153100000266066",182.594
"0153100000284099",73.285
"0153100000284803",123.710
"0153100000276513",273.126
"0153100000288677",193.099
"0153100000285531",129.983
"0153100000503446",117.401
"0153100000508593",96.051
"0153100000516491",27.393
"0153100000229370",49.257
"0153100000233034",107.152
"0153100000268945",4171.091
"0153100000253602",163.135
"0153100000270644",174.029
"0153100000259364",164.543
"0153100000208302",58.757
"0153100000283857",174.093
"0153100000254059",149.456
"0153100000251370",279.780
"0153100000203157",288.060
"0153100000252136",552.658
"0153100000257236",155.637
"0153100000280061",32.116
"0153100000273711",23.952
"0153100000271314",124.094
"0153100000281295",155.122
"0153100000276095",177.295
"0153100000276609",269.417
"0153100000235563",188.768
"0153100000267437",189.761
"0153100000262098",30.660
"0153100000275404",195.608
"0153100000209626",168.035
"0153100000250063",142.069
"0153100000265266",148.748
"0153100000256908",32.827
"0153100000288983",167.088
"0153100000286742",163.306
"0153100000239018",30.663
"0153100000272584",23.108
"0153100000218817",31.981
"0153100000240303",329.600
"0153100000203743",239.316
"0153100000204672",115.529
"0153100000293385",249.246
"0153100000506967",76.400
"0153100000508594",74.324
"0153100000238716",245.933
"0153100000506968",45.675
"0153100000516490",53.360
"0153100000505947",4552.820
"0153100000251003",166.199
"0153100000266745",395.905
"0153100000282910",177.806
"0153100000230850",164.694
"0153100000247608",150.321
"0153100000204447",156.658
"0153100000243176",203.962
"0153100000226952",41.775
"0153100000270097",53.464
"0153100000245909",185.607
"0153100000235882",31.496
"0153100000276917",372.049
"0153100000236098",29.491
"0153100000263233",386.283
"0153100000263894",182.121
"0153100000227796",36.555
"0153100000224620",110.518
"0153100000212347",216.589
"0153100000294040",50.474
"0153100000270985",397.493
"0153100000242404",200.974
"0153100000213938",396.321
"0153100000251594",383.620
"0153100000203413",214.492
"0153100000506949",16.572
"0153100000503168",29.230
"0153100000506948",24.355
"0153100000293205",18.065
"0153100000506947",31.000
"0153100000503167",50.839
"0153100000506946",19.056
"0153100000506945",16.571
"0153100000267209",85.887
"0153100000251538",170.713
"0153100000230090",41.706
"0153100000237828",19.258
"0153100000234643",212.087
"0153100000225837",228.671
"0153100000285178",228.380
"0153100000209343",38.236
"0153100000228158",65.791
"0153100000292761",205.687
"0153100000210132",142.391
"0153100000269827",182.578
"0153100000232079",158.176
"0153100000503447",76.697
"0153100000243347",224.570
"0153100000252680",95.839
"0153100000229666",192.244
"0153100000232736",240.423
"0153100000249168",248.518
"0153100000234034",183.717
"0153100000291174",49.447
"0153100000203067",222.960
"0153100000245023",355.246
"0153100000221248",321.902
"0153100000219692",231.181
"0153100000217768",7521.853
"0153100000517561",3793.079
"0153100000278418",61.731
"0153100000507209",60.144
"0153100000272514",150.774
"0153100000266156",159.304
"0153100000471757",47.937
"0153100000220337",164.908
"0153100000260554",158.949
"0153100000503440",102.184
"0153100000471759",23.638
"0153100000253277",213.824
"0153100000497392",34.142
"0153100000503439",54.289
"0153100000223813",138.989
"0153100000259447",84.072
"0153100000232923",165.944
"0153100000232041",32.373
"0153100000255043",63.019
"0153100000253157",144.989
"0153100000206756",158.263
"0153100000247147",250.672
"0153100000508582",44.966
"0153100000506833",11.305
"0153100000283010",138.918
"0153100000230733",142.650
"0153100000478122",21.163
"0153100000280658",152.812
"0153100000280986",123.124
"0153100000280552",158.622
"0153100000235769",152.110
"0153100000478123",19.641
"0153100000250923",53.785
"0153100000241559",193.544
"0153100000270304",64.965
"0153100000266591",260.870
"0153100000242470",152.395
"0153100000220310",138.761
"0153100000215321",148.652
"0153100000508587",30.926
"0153100000508588",123.811
"0153100000516495",32.426
"0153100000516499",120.650
"0153100000251262",67.501
"0153100000233359",113.545
"0153100000508586",24.221
"0153100000517556",310.301
"0153100000517557",22.480
"0153100000517558",132.844
"0153100000251347",277.077
"0153100000249200",159.445
"0153100000516496",51.745
"0153100000289644",37.917
"0153100000285429",39.626
"0153100000289609",258.374
"0153100000290677",21.650
"0153100000240915",177.949
"0153100000216468",185.976
"0153100000484524",17.636
"0153100000236089",223.915
"0153100000289755",124.807
"0153100000236494",180.322
"0153100000211806",167.537
"0153100000256728",182.960
"0153100000205117",168.725
"0153100000215701",204.872
"0153100000271688",286.191
"0153100000227671",211.256
"0153100000280163",222.580
"0153100000232314",57.623
"0153100000494320",88.682
"0153100000494321",85.986
"0153100000494322",82.375
"0153100000468734",57.797
"0153100000503164",54.592
"0153100000503165",30.820
"0153100000503166",33.983
"0153100000506964",13.788
"0153100000506965",20.494
"0153100000506966",20.135
"0153100000511563",82.819
"0153100000508597",51.890
"0153100000515855",51.636
"0153100000515856",66.602
"0153100000515857",15.665
"0153100000515859",53.762
"0153100000515860",11.197
"0153100000515862",23.457
"0153100000271336",358.551
"0153100000214558",309.851
"0153100000207036",89.015
"0153100000237540",148.109
"0153100000249989",162.516
"0153100000278336",85.967
"0153100000291964",150.030
"0153100000289329",150.633
"0153100000292945",229.134
"0153100000271575",148.090
"0153100000233303",130.615
"0153100000236985",146.076
"0153100000209347",83.533
"0153100000217436",198.305
"0153100000292724",138.732
"0153100000235437",107.190
"0153100000229799",156.319
"0153100000205341",163.139
"0153100000202162",128.004
"0153100000287073",130.290
"0153100000234622",143.150
"0153100000224847",161.665
"0153100000233465",141.296
"0153100000254370",138.804
"0153100000291235",219.547
"0153100000247274",127.067
"0153100000219118",204.179
"0153100000235511",141.010
"0153100000279795",130.560
"0153100000221353",123.294
"0153100000237708",136.705
"0153100000506835",24.057
"0153100000506836",17.231
"0153100000503435",28.264
"0153100000503436",29.327
"0153100000497388",14.621
"0153100000497389",31.264
"0153100000511559",46.094
"0153100000508578",68.847
"0153100000508579",37.435
"0153100000508580",44.764
"0153100000252074",3301.918
"0153100000231486",151.279
"0153100000203911",171.283
"0153100000231222",113.628
"0153100000234657",117.703
"0153100000243747",127.191
"0153100000210005",229.487
"0153100000239986",163.926
"0153100000216881",113.648
"0153100000287774",45.867
"0153100000261914",172.820
"0153100000210133",202.942
"0153100000275514",129.638
"0153100000234231",213.870
"0153100000217370",62.461
"0153100000272583",45.534
"0153100000212519",145.107
"0153100000268543",2300.693
"0153100000244456",59.094
"0153100000271063",66.860
"0153100000219251",992.759
"0153100000484277",102.310
"0153100000234458",155.008
"0153100000286145",48.338
"0153100000278375",51.515
"0153100000273192",70.868
"0153100000245579",257.171
"0153100000284769",140.524
"0153100000285930",360.076
"0153100000255983",139.233
"0153100000205571",82.427
"0153100000284770",47.401
"0153100000244784",759.558
"0153100000254541",90.380
"0153100000226651",311.401
"0153100000503448",28.621
"0153100000506943",78.206
"0153100000289464",225.397
"0153100000506944",33.543
"0153100000497380",21.632
"0153100000503185",42.757
"0153100000497379",19.612
"0153100000503187",39.351
"0153100000497378",23.185
"0153100000503188",30.457
"0153100000484272",24.133
"0153100000289986",20.424
"0153100000503186",26.206
"0153100000506942",38.913
"0153100000503189",32.053
"0153100000284046",119.858
"0153100000292045",120.852
"0153100000506941",31.855
"0153100000285457",189.050
"0153100000287950",19.653
"0153100000287879",100.035
"0153100000508598",31.091
"0153100000283004",171.976
"0153100000283723",113.641
"0153100000245423",201.771
"0153100000506831",156.312
"0153100000267243",161.586
"0153100000211112",169.625
"0153100000284004",188.212
"0153100000215994",18.416
"0153100000506834",130.645
"0153100000293429",171.005
"0153100000218145",19.682
"0153100000285982",47.093
"0153100000506622",34.467
"0153100000290020",194.472
"0153100000493101",106.929
"0153100000508050",50.923
"0153100000508051",56.342
"0153100000508585",57.295
"0153100000516504",75.100
"0153100000229938",34.771
"0153100000506621",129.081
"0153100000279611",231.475
"0153100000270999",248.525
"0153100000234924",58.551
"0153100000238045",230.393
"0153100000225783",227.768
"0153100000471254",259.075
"0153100000251222",256.506
"0153100000508596",35.379
"0153100000470608",441.050
"0153100000251160",245.469
"0153100000223100",246.934
"0153100000236987",222.219
"0153100000208759",251.073
"0153100000210583",229.547
"0153100000219789",260.944
"0153100000285298",96.330
"0153100000293330",292.029
"0153100000236055",168.517
"0153100000249918",130.747
"0153100000503160",88.164
"0153100000515851",38.074
"0153100000285989",63.903
"0153100000214665",287.922
"0153100000203016",262.678
"0153100000204376",309.288
"0153100000258942",61.203
"0153100000206037",265.070
"0153100000507208",11.542
"0153100000219184",304.984
"0153100000515853",29.520
"0153100000515852",30.545
"0153100000515854",20.556
"0153100000517560",59.318
"0153100000262272",390.231
"0153100000293777",28.622
"0153100000252566",199.611
"0153100000254341",475.711
"0153100000291760",35.895
"0153100000230186",334.813
"0153100000229924",50.221
"0153100000214209",185.342
"0153100000484519",19.115
"0153100000242139",34.339
"0153100000484518",144.664
"0153100000484517",140.067
"0153100000278853",732.997
"0153100000250137",4032.090
"0153100000255500",942.768
"0153100000245174",1191.222
"0153100000209163",107.400
"0153100000278694",1585.984
"0153100000227239",62.970
"0153100000268724",51.476
"0153100000507931",14.076
"0153100000287871",50.263
"0153100000214226",326.862
"0153100000282447",128.817
"0153100000508595",151.805
"0153100000254388",588.065
"0153100000254270",575.699
"0153100000274347",598.445
"0153100000275363",635.799
"0153100000255906",303.816
"0153100000252977",671.691
"0153100000204031",703.873
"0153100000226255",593.716
"0153100000215772",585.539
"0153100000288091",577.225
"0153100000235005",579.987
"0153100000231419",640.658
"0153100000265657",638.106
"0153100000284818",23.873
"0153100000278377",31.182
"0153100000244173",150.742
"0153100000202502",154.107
"0153100000245948",598.455
"0153100000241229",98.740
"0153100000269168",574.552
"0153100000238752",149.900
"0153100000222712",576.402
"0153100000219845",141.736
"0153100000241305",144.746
"0153100000238572",20.224
"0153100000209061",25.141
"0153100000264527",151.021
"0153100000229117",560.160
"0153100000218669",50.861
"0153100000277000",149.609
"0153100000273563",18.567
"0153100000242096",166.685
"0153100000270127",19.800
"0153100000223041",143.265
"0153100000240032",545.982
"0153100000255786",39.147
"0153100000246713",20.589
"0153100000239862",89.260
"0153100000207683",136.749
"0153100000266094",159.146
"0153100000227369",148.096
"0153100000262710",334.803
"0153100000260722",24.284
"0153100000278585",160.621
"0153100000270676",135.858
"0153100000260888",33.237
"0153100000249020",47.133
"0153100000288198",38.183
"0153100000293591",142.828
"0153100000288019",35.252
"0153100000292558",55.835
"0153100000478690",71.260
"0153100000508053",26.520
"0153100000516506",55.048
"0153100000517254",229.104
"0153100000232284",192.162
"0153100000287593",181.422
"0153100000246532",167.172
"0153100000215581",605.531
"0153100000219122",202.215
"0153100000218616",179.206
"0153100000215929",154.857
"0153100000206898",615.579
"0153100000227240",70.515
"0153100000244478",146.598
"0153100000244258",106.043
"0153100000250425",181.542
"0153100000267557",93.909
"0153100000206572",194.954
"0153100000263485",154.176
"0153100000226654",216.984
"0153100000237547",61.294
"0153100000241472",223.555
"0153100000229796",125.354
"0153100000282166",373.914
"0153100000229611",48.811
"0153100000218354",52.777
"0153100000234507",210.309
"0153100000231501",244.293
"0153100000203170",191.813
"0153100000273895",350.664
"0153100000222271",522.048
"0153100000256817",199.676
"0153100000258649",200.210
"0153100000288656",180.427
"0153100000263872",192.962
"0153100000250799",172.998
"0153100000288785",313.509
"0153100000284020",72.684
"0153100000284021",65.286
"0153100000287460",108.721
"0153100000508572",66.936
"0153100000203261",135.746
"0153100000286202",184.225
"0153100000244475",154.693
"0153100000285664",144.374
"0153100000255185",45.310
"0153100000221471",63.965
"0153100000204673",201.969
"0153100000254118",156.181
"0153100000249990",166.778
"0153100000241727",35.078
"0153100000274236",137.506
"0153100000209684",158.748
"0153100000207910",163.881
"0153100000250290",143.447
"0153100000224343",19.963
"0153100000253038",74.332
"0153100000235002",218.226
"0153100000275177",52.530
"0153100000241726",60.548
"0153100000267356",20.528
"0153100000216889",236.036
"0153100000262086",34.777
"0153100000233941",57.812
"0153100000244966",592.739
"0153100000226488",174.281
"0153100000219913",36.456
"0153100000237916",28.053
"0153100000251791",173.446
"0153100000243421",176.688
"0153100000224009",32.693
"0153100000238437",19.885
"0153100000287728",157.464
"0153100000285374",541.935
"0153100000287358",20.741
"0153100000291966",144.023
"0153100000293957",20.562
"0153100000503490",39.425
"0153100000503491",69.632
"0153100000490275",111.544
"0153100000490276",29.998
"0153100000273086",32.453
"0153100000239687",253.620
"0153100000293386",243.043
"0153100000268475",412.169
"0153100000278778",89.080
"0153100000293102",56.474
"0153100000244644",170.336
"0153100000227729",325.751
"0153100000223095",75.240
"0153100000211993",138.121
"0153100000273128",220.398
"0153100000251486",225.305
"0153100000290410",37.514
"0153100000212250",88.992
"0153100000208305",52.643
"0153100000256917",125.883
"0153100000209165",58.985
"0153100000508573",60.315
"0153100000279017",164.266
"0153100000277263",114.857
"0153100000291517",235.157
"0153100000250236",135.509
"0153100000503493",80.153
"0153100000503494",52.581
"0153100000243537",41.264
"0153100000226907",102.483
"0153100000217810",203.887
"0153100000266177",133.933
"0153100000242776",143.252
"0153100000266716",87.464
"0153100000261663",143.536
"0153100000216800",129.741
"0153100000233355",150.286
"0153100000238697",155.741
"0153100000255911",215.147
"0153100000234291",202.431
"0153100000205212",139.249
"0153100000209345",100.303
"0153100000205846",138.587
"0153100000242092",48.955
"0153100000247795",136.772
"0153100000216052",36.127
"0153100000255869",80.020
"0153100000268149",137.332
"0153100000205609",134.921
"0153100000265230",193.467
"0153100000240956",103.085
"0153100000246463",344.184
"0153100000203455",418.458
"0153100000244065",73.833
"0153100000203160",228.858
"0153100000269687",157.282
"0153100000277146",139.512
"0153100000277640",127.783
"0153100000279219",143.006
"0153100000277015",166.763
"0153100000277077",144.710
"0153100000277836",158.149
"0153100000280386",153.528
"0153100000289949",127.368
"0153100000517980",98.777
"0153100000203259",169.978
"0153100000272773",204.356
"0153100000261570",30.600
"0153100000267461",168.645
"0153100000204006",603.342
"0153100000245812",163.738
"0153100000279609",579.355
"0153100000259573",184.690
"0153100000281190",223.302
"0153100000202648",170.591
"0153100000250798",163.705
"0153100000228285",175.470
"0153100000252096",556.875
"0153100000211555",183.529
"0153100000219622",81.950
"0153100000222170",101.685
"0153100000234625",586.421
"0153100000269713",249.380
"0153100000251043",186.883
"0153100000279223",230.953
"0153100000239212",169.878
"0153100000284450",95.954
"0153100000289322",174.771
"0153100000292473",188.180
"0153100000517256",53.602
"0153100000276777",317.232
"0153100000227045",241.383
"0153100000214240",210.627
"0153100000208036",221.527
"0153100000244476",186.654
"0153100000246567",134.882
"0153100000250456",207.290
"0153100000203167",248.029
"0153100000202507",207.996
"0153100000248670",199.949
"0153100000230001",215.259
"0153100000246861",115.112
"0153100000209710",21.780
"0153100000274107",215.088
"0153100000246110",101.579
"0153100000206946",171.094
"0153100000207689",210.204
"0153100000226652",191.039
"0153100000262358",77.010
"0153100000226672",174.417
"0153100000217440",75.298
"0153100000285297",164.097
"0153100000281545",38.365
"0153100000292968",25.406
"0153100000506991",44.414
"0153100000506992",22.671
"0153100000506993",55.122
"0153100000517257",20.941
"0153100000517258",402.775
"0153100000234863",314.153
"0153100000280889",311.815
"0153100000253140",214.670
"0153100000251891",181.720
"0153100000205924",66.991
"0153100000275248",174.474
"0153100000224399",42.816
"0153100000248831",200.839
"0153100000277137",174.757
"0153100000258960",219.004
"0153100000244457",66.258
"0153100000238106",217.475
"0153100000245249",162.177
"0153100000243314",227.735
"0153100000203113",295.044
"0153100000203572",275.019
"0153100000219623",77.478
"0153100000245039",175.589
"0153100000226655",166.758
"0153100000245588",167.897
"0153100000245834",235.874
"0153100000270459",191.618
"0153100000282767",213.585
"0153100000286233",172.137
"0153100000289374",227.417
"0153100000291843",259.735
"0153100000293334",148.283
"0153100000289950",91.213
"0153100000503498",77.030
"0153100000511550",68.009
"0153100000517250",84.898
"0153100000517251",36.066
"0153100000517253",44.772
"0153100000517252",23.261
"0153100000273144",48.879
"0153100000289373",279.839
"0153100000285027",231.556
"0153100000291965",181.754
"0153100000268082",600.301
"0153100000213861",198.346
"0153100000237673",154.154
"0153100000284184",41.409
"0153100000244251",156.314
"0153100000222674",32.058
"0153100000248281",144.959
"0153100000203258",143.170
"0153100000503484",52.065
"0153100000250289",143.567
"0153100000270781",177.290
"0153100000272629",23.302
"0153100000232850",23.400
"0153100000208548",27.365
"0153100000228583",145.960
"0153100000291901",30.719
"0153100000217639",27.010
"0153100000218239",34.339
"0153100000282716",219.329
"0153100000245634",120.290
"0153100000227315",23.543
"0153100000218819",51.354
"0153100000267702",153.573
"0153100000269748",279.896
"0153100000261821",225.147
"0153100000508054",35.173
"0153100000506990",104.014
"0153100000508571",65.805
"0153100000515858",21.918
"0153100000515861",29.882
"0153100000515863",11.116
"0153100000515864",30.729
"0153100000515865",32.095
"0153100000515869",20.559
"0153100000515870",21.718
"0153100000515871",11.997
"0153100000515872",39.207
"0153100000516505",220.951
"0153100000252542",180.942
"0153100000517255",66.137
"0153100000517562",57.759
"0153100000244999",249.601
"0153100000249435",140.134
"0153100000243276",20.027
"0153100000269163",195.224
"0153100000205923",29.400
"0153100000252696",39.194
"0153100000241537",196.280
"0153100000256061",34.069
"0153100000260224",219.800
"0153100000229939",40.886
"0153100000208038",183.241
"0153100000207337",184.710
"0153100000242157",36.374
"0153100000215835",354.374
"0153100000242313",259.010
"0153100000224848",36.708
"0153100000270616",91.127
"0153100000269402",303.149
"0153100000218640",210.433
"0153100000243697",24.746
"0153100000225708",24.638
"0153100000226673",186.516
"0153100000261822",185.273
"0153100000263022",231.847
"0153100000273758",22.172
"0153100000274467",168.293
"0153100000281679",28.411
"0153100000281821",211.665
"0153100000281385",95.785
"0153100000283721",219.636
"0153100000206424",567.557
"0153100000203152",600.347
"0153100000236273",21.144
"0153100000268709",211.900
"0153100000266273",566.650
"0153100000254318",192.390
"0153100000248443",254.084
"0153100000221884",128.082
"0153100000269237",243.239
"0153100000227921",57.337
"0153100000268820",156.193
"0153100000225839",196.067
"0153100000203453",293.460
"0153100000261944",138.130
"0153100000217826",231.696
"0153100000265168",36.732
"0153100000235891",391.883
"0153100000234249",25.958
"0153100000252376",230.720
"0153100000246107",299.016
"0153100000251369",244.681
"0153100000261132",248.067
"0153100000218621",413.465
"0153100000252807",225.692
"0153100000230091",135.149
"0153100000221025",217.182
"0153100000227445",71.594
"0153100000242123",47.927
"0153100000246242",207.960
"0153100000268220",209.609
"0153100000264275",22.953
"0153100000274647",223.750
"0153100000270991",32.356
"0153100000272895",90.735
"0153100000277191",204.831
"0153100000275679",112.950
"0153100000280644",218.595
"0153100000281396",552.312
"0153100000279011",21.203
"0153100000282025",111.784
"0153100000284503",136.580
"0153100000232925",162.278
"0153100000214176",185.225
"0153100000206991",177.257
"0153100000210011",295.558
"0153100000240464",152.971
"0153100000242552",183.040
"0153100000228286",185.781
"0153100000240370",132.833
"0153100000226058",216.941
"0153100000248282",245.855
"0153100000238919",180.148
"0153100000253635",50.212
"0153100000251888",170.082
"0153100000234172",110.604
"0153100000217225",7.692
"0153100000253058",208.615
"0153100000256504",192.506
"0153100000265672",180.879
"0153100000269156",174.101
"0153100000267885",86.854
"0153100000271795",213.492
"0153100000273939",184.595
"0153100000281724",180.799
"0153100000284183",131.965
"0153100000284260",60.531
"0153100000471467",50.135
"0153100000471468",43.744
"0153100000503499",34.777
"0153100000503501",37.446
"0153100000503502",55.780
"0153100000249631",192.183
"0153100000264442",364.794
"0153100000248108",226.220
"0153100000234173",89.613
"0153100000268845",99.175
"0153100000208006",210.938
"0153100000287249",49.975
"0153100000223259",208.023
"0153100000232873",206.514
"0153100000209164",56.958
"0153100000255930",146.373
"0153100000246862",99.510
"0153100000220107",191.280
"0153100000261996",254.077
"0153100000243097",214.571
"0153100000265746",185.596
"0153100000277935",135.005
"0153100000202510",195.178
"0153100000219051",237.535
"0153100000293826",189.093
"0153100000280030",58.751
"0153100000226253",216.177
"0153100000288589",238.110
"0153100000260866",99.589
"0153100000222765",198.735
"0153100000226220",111.702
"0153100000218667",70.453
"0153100000284590",107.681
"0153100000250235",182.834
"0153100000506619",73.125
"0153100000260720",59.853
"0153100000273460",215.382
"0153100000275368",52.373
"0153100000246100",196.535
"0153100000503492",70.671
